name,abilities1,abilities2,abilities3,hp,att,def,S-att,S-def,spd,no
Bulbasaur,Overgrow,Chlorophyll,,45,49,49,65,65,45,1
Ivysaur,Overgrow,Chlorophyll,,60,62,63,80,80,60,2
Venusaur,Overgrow,Chlorophyll,,80,82,83,100,100,80,3
Charmander,Blaze,Solar Power,,39,52,43,60,50,65,4
Charmeleon,Blaze,Solar Power,,58,64,58,80,65,80,5
Charizard,Blaze,Solar Power,,78,84,78,109,85,100,6
Squirtle,Torrent,Rain Dish,,44,48,65,50,64,43,7
Wartortle,Torrent,Rain Dish,,59,63,80,65,80,58,8
Blastoise,Torrent,Rain Dish,,79,83,100,85,105,78,9
Caterpie,Shield Dust,Run Away,,45,30,35,20,20,45,10
Metapod,Shed Skin,,,50,20,55,25,25,30,11
Butterfree,Compoundeyes,Tinted Lens,,60,45,50,90,80,70,12
Weedle,Shield Dust,Run Away,,40,35,30,20,20,50,13
Kakuna,Shed Skin,,,45,25,50,25,25,35,14
Beedrill,Swarm,Sniper,,65,90,40,45,80,75,15
Pidgey,Keen Eye,Tangled Feet,Big Pecks,40,45,40,35,35,56,16
Pidgeotto,Keen Eye,Tangled Feet,Big Pecks,63,60,55,50,50,71,17
Pidgeot,Keen Eye,Tangled Feet,Big Pecks,83,80,75,70,70,101,18
Rattata,Run Away,Guts,Hustle,30,56,35,25,35,72,19
Raticate,Run Away,Guts,Hustle,55,81,60,50,70,97,20
Spearow,Keen Eye,Sniper,,40,60,30,31,31,70,21
Fearow,Keen Eye,Sniper,,65,90,65,61,61,100,22
Ekans,Intimidate,Shed Skin,Unnerve,35,60,44,40,54,55,23
Arbok,Intimidate,Shed Skin,Unnerve,60,95,69,65,79,80,24
Pikachu,Static,Lightning Rod,,35,55,40,50,50,90,25
Raichu,Static,Lightning Rod,,60,90,55,90,80,110,26
Sandshrew,Sand Veil,Sand Rush,,50,75,85,20,30,40,27
Sandslash,Sand Veil,Sand Rush,,75,100,110,45,55,65,28
Nidoran♀,Poison Point,Rivalry,Hustle,55,47,52,40,40,41,29
Nidorina,Poison Point,Rivalry,Hustle,70,62,67,55,55,56,30
Nidoqueen,Poison Point,Rivalry,Sheer Force,90,92,87,75,85,76,31
Nidoran♂,Poison Point,Rivalry,Hustle,46,57,40,40,40,50,32
Nidorino,Poison Point,Rivalry,Hustle,61,72,57,55,55,65,33
Nidoking,Poison Point,Rivalry,Sheer Force,81,102,77,85,75,85,34
Clefairy,Cute Charm,Magic Guard,Friend Guard,70,45,48,60,65,35,35
Clefable,Cute Charm,Magic Guard,Friend Guard,95,70,73,95,90,60,36
Vulpix,Flash Fire,Drought,,38,41,40,50,65,65,37
Ninetales,Flash Fire,Drought,,73,76,75,81,100,100,38
Jigglypuff,Cute Charm,Competitive,Friend Guard,115,45,20,45,25,20,39
Wigglytuff,Cute Charm,Competitive,Frisk,140,70,45,85,50,45,40
Zubat,Inner Focus,Infiltrator,,40,45,35,30,40,55,41
Golbat,Inner Focus,Infiltrator,,75,80,70,65,75,90,42
Oddish,Chlorophyll,Run Away,,45,50,55,75,65,30,43
Gloom,Chlorophyll,Stench,,60,65,70,85,75,40,44
Vileplume,Chlorophyll,Effect Spore,,75,80,85,110,90,50,45
Paras,Effect Spore,Dry Skin,Damp,35,70,55,45,55,25,46
Parasect,Effect Spore,Dry Skin,Damp,60,95,80,60,80,30,47
Venonat,Compoundeyes,Tinted Lens,Run Away,60,55,50,40,55,45,48
Venomoth,Shield Dust,Tinted Lens,Wonder Skin,70,65,60,90,75,90,49
Diglett,Sand Veil,Arena Trap,Sand Force,10,55,25,35,45,95,50
Dugtrio,Sand Veil,Arena Trap,Sand Force,35,100,50,50,70,120,51
Meowth,Pickup,Technician,Unnerve,40,45,35,40,40,90,52
Persian,Limber,Technician,Unnerve,65,70,60,65,65,115,53
Psyduck,Damp,Cloud Nine,Swift Swim,50,52,48,65,50,55,54
Golduck,Damp,Cloud Nine,Swift Swim,80,82,78,95,80,85,55
Mankey,Vital Spirit,Anger Point,Defiant,40,80,35,35,45,70,56
Primeape,Vital Spirit,Anger Point,Defiant,65,105,60,60,70,95,57
Growlithe,Intimidate,Flash Fire,Justified,55,70,45,70,50,60,58
Arcanine,Intimidate,Flash Fire,Justified,90,110,80,100,80,95,59
Poliwag,Water Absorb,Damp,Swift Swim,40,50,40,40,40,90,60
Poliwhirl,Water Absorb,Damp,Swift Swim,65,65,65,50,50,90,61
Poliwrath,Water Absorb,Damp,Swift Swim,90,95,95,70,90,70,62
Abra,Synchronize,Inner Focus,Magic Guard,25,20,15,105,55,90,63
Kadabra,Synchronize,Inner Focus,Magic Guard,40,35,30,120,70,105,64
Alakazam,Synchronize,Inner Focus,Magic Guard,55,50,45,135,95,120,65
Machop,Guts,No Guard,Steadfast,70,80,50,35,35,35,66
Machoke,Guts,No Guard,Steadfast,80,100,70,50,60,45,67
Machamp,Guts,No Guard,Steadfast,90,130,80,65,85,55,68
Bellsprout,Chlorophyll,Gluttony,,50,75,35,70,30,40,69
Weepinbell,Chlorophyll,Gluttony,,65,90,50,85,45,55,70
Victreebel,Chlorophyll,Gluttony,,80,105,65,100,70,70,71
Tentacool,Clear Body,Liquid Ooze,Rain Dish,40,40,35,50,100,70,72
Tentacruel,Clear Body,Liquid Ooze,Rain Dish,80,70,65,80,120,100,73
Geodude,Rock Head,Sturdy,Sand Veil,40,80,100,30,30,20,74
Graveler,Rock Head,Sturdy,Sand Veil,55,95,115,45,45,35,75
Golem,Rock Head,Sturdy,Sand Veil,80,120,130,55,65,45,76
Ponyta,Run Away,Flash Fire,Flame Body,50,85,55,65,65,90,77
Rapidash,Run Away,Flash Fire,Flame Body,65,100,70,80,80,105,78
Slowpoke,Oblivious,Own Tempo,Regenerator,90,65,65,40,40,15,79
Slowbro,Oblivious,Own Tempo,Regenerator,95,75,110,100,80,30,80
Magnemite,Magnet Pull,Sturdy,Analytic,25,35,70,95,55,45,81
Magneton,Magnet Pull,Sturdy,Analytic,50,60,95,120,70,70,82
Farfetch'd,Keen Eye,Inner Focus,Defiant,52,90,55,58,62,60,83
Doduo,Run Away,Early Bird,Tangled Feet,35,85,45,35,35,75,84
Dodrio,Run Away,Early Bird,Tangled Feet,60,110,70,60,60,110,85
Seel,Thick Fat,Hydration,Ice Body,65,45,55,45,70,45,86
Dewgong,Thick Fat,Hydration,Ice Body,90,70,80,70,95,70,87
Grimer,Stench,Sticky Hold,Poison Touch,80,80,50,40,50,25,88
Muk,Stench,Sticky Hold,Poison Touch,105,105,75,65,100,50,89
Shellder,Shell Armor,Skill Link,Overcoat,30,65,100,45,25,40,90
Cloyster,Shell Armor,Skill Link,Overcoat,50,95,180,85,45,70,91
Gastly,Levitate,,,30,35,30,100,35,80,92
Haunter,Levitate,,,45,50,45,115,55,95,93
Gengar,Cursed Body,,,60,65,60,130,75,110,94
Onix,Rock Head,Sturdy,Weak Armor,35,45,160,30,45,70,95
Drowzee,Insomnia,Forewarn,Inner Focus,60,48,45,43,90,42,96
Hypno,Insomnia,Forewarn,Inner Focus,85,73,70,73,115,67,97
Krabby,Hyper Cutter,Shell Armor,Sheer Force,30,105,90,25,25,50,98
Kingler,Hyper Cutter,Shell Armor,Sheer Force,55,130,115,50,50,75,99
Voltorb,Soundproof,Static,Aftermath,40,30,50,55,55,100,100
Electrode,Soundproof,Static,Aftermath,60,50,70,80,80,150,101
Exeggcute,Chlorophyll,Harvest,,60,40,80,60,45,40,102
Exeggutor,Chlorophyll,Harvest,,95,95,85,125,75,55,103
Cubone,Rock Head,Lightning Rod,Battle Armor,50,50,95,40,50,35,104
Marowak,Rock Head,Lightning Rod,Battle Armor,60,80,110,50,80,45,105
Hitmonlee,Limber,Reckless,Unburden,50,120,53,35,110,87,106
Hitmonchan,Keen Eye,Iron Fist,Inner Focus,50,105,79,35,110,76,107
Lickitung,Own Tempo,Oblivious,Cloud Nine,90,55,75,60,75,30,108
Koffing,Levitate,Neutralizing Gas,Stench,40,65,95,60,45,35,109
Weezing,Levitate,Neutralizing Gas,Stench,65,90,120,85,70,60,110
Rhyhorn,Lightning Rod,Rock Head,Reckless,80,85,95,30,30,25,111
Rhydon,Lightning Rod,Rock Head,Reckless,105,130,120,45,45,40,112
Chansey,Natural Cure,Serene,Grace Healer,250,5,5,35,105,50,113
Tangela,Chlorophyll,Leaf Guard,Regenerator,65,55,115,100,40,60,114
Kangaskhan,Early Bird,Scrappy,Inner Focus,105,95,80,40,80,90,115
Horsea,Swift Swim,Sniper,Damp,30,40,70,70,25,60,116
Seadra,Poison Point,Sniper,Damp,55,65,95,95,45,85,117
Goldeen,Swift Swim,Water Veil,Lightning Rod,45,67,60,35,50,63,118
Seaking,Swift Swim,Water Veil,Lightning Rod,80,92,65,65,80,68,119
Staryu,Illuminate,Natural Cure,Analytic,30,45,55,70,55,85,120
Starmie,Illuminate,Natural Cure,Analytic,60,75,85,100,85,115,121
Mr. Mime,Soundproof,Filter,Technician,40,45,65,100,120,90,122
Scyther,Swarm,Technician,Steadfast,70,110,80,55,80,105,123
Jynx,Oblivious,Forewarn,Dry Skin,65,50,35,115,95,95,124
Electabuzz,Static,Vital Spirit,,65,83,57,95,85,105,125
Magmar,Flame Body,Vital Spirit,,65,95,57,100,85,93,126
Pinsir,Hyper Cutter,Mold Breaker,Moxie,65,125,100,55,70,85,127
Tauros,Intimidate,Anger Point,Sheer Force,75,100,95,40,70,110,128
Magikarp,Swift Swim,Rattled,,20,10,55,15,20,80,129
Gyarados,Intimidate,Moxie,,95,125,79,60,100,81,130
Lapras,Water Absorb,Shell Armor,Hydration,130,85,80,85,95,60,131
Ditto,Limber,Imposter,,48,48,48,48,48,48,132
Eevee,Run Away,Adaptability,Anticipation,55,55,50,45,65,55,133
Vaporeon,Water Absorb,Hydration,,130,65,60,110,95,65,134
Jolteon,Volt Absorb,Quick Feet,,65,65,60,110,95,130,135
Flareon,Flash Fire,Guts,,65,130,60,95,110,65,136
Porygon,Trace,Download,Analytic,65,60,70,85,75,40,137
Omanyte,Swift Swim,Shell Armor,Weak Armor,35,40,100,90,55,35,138
Omastar,Swift Swim,Shell Armor,Weak Armor,70,60,125,115,70,55,139
Kabuto,Swift Swim,Battle Armor,Weak Armor,30,80,90,55,45,55,140
Kabutops,Swift Swim,Battle Armor,Weak Armor,60,115,105,65,70,80,141
Aerodactyl,Rock Head,Pressure,Unnerve,80,105,65,60,75,130,142
Snorlax,Immunity,Thick Fat,Gluttony,160,110,65,65,110,30,143
Articuno,Pressure,Snow Cloak,,90,85,100,95,125,85,144
Zapdos,Pressure,Static,,90,90,85,125,90,100,145
Moltres,Pressure,Flame Body,,90,100,90,125,85,90,146
Dratini,Shed Skin,Marvel Scale,,41,64,45,50,50,50,147
Dragonair,Shed Skin,Marvel Scale,,61,84,65,70,70,70,148
Dragonite,Inner Focus,Multiscale,,91,134,95,100,100,80,149
Mewtwo,Pressure,Unnerve,,106,110,90,154,90,130,150
Mew,Synchronize,,,100,100,100,100,100,100,151
Chikorita,Overgrow,Leaf Guard,,45,49,65,49,65,45,152
Bayleef,Overgrow,Leaf Guard,,60,62,80,63,80,60,153
Meganium,Overgrow,Leaf Guard,,80,82,100,83,100,80,154
Cyndaquil,Blaze,Flash Fire,,39,52,43,60,50,65,155
Quilava,Blaze,Flash Fire,,58,64,58,80,65,80,156
Typhlosion,Blaze,Flash Fire,,78,84,78,109,85,100,157
Totodile,Torrent,Sheer Force,,50,65,64,44,48,43,158
Croconaw,Torrent,Sheer Force,,65,80,80,59,63,58,159
Feraligatr,Torrent,Sheer Force,,85,105,100,79,83,78,160
Sentret,Run Away,Keen Eye,Frisk,35,46,34,35,45,20,161
Furret,Run Away,Keen Eye,Frisk,85,76,64,45,55,90,162
Hoothoot,Insomnia,Keen Eye,Tinted Lens,60,30,30,36,56,50,163
Noctowl,Insomnia,Keen Eye,Tinted Lens,100,50,50,86,96,70,164
Ledyba,Swarm,Early Bird,Rattled,40,20,30,40,80,55,165
Ledian,Swarm,Early Bird,Iron Fist,55,35,50,55,110,85,166
Spinarak,Swarm,Insomnia,Sniper,40,60,40,40,40,30,167
Ariados,Swarm,Insomnia,Sniper,70,90,70,60,70,40,168
Crobat,Inner Focus,Infiltrator,,85,90,80,70,80,130,169
Chinchou,Volt Absorb,Illuminate,Water Absorb,75,38,38,56,56,67,170
Lanturn,Volt Absorb,Illuminate,Water Absorb,125,58,58,76,76,67,171
Pichu,Static,Lightning Rod,,20,40,15,35,35,60,172
Cleffa,Cute Charm,Magic Guard,Friend Guard,50,25,28,45,55,15,173
Igglybuff,Cute Charm,Competitive,Friend Guard,90,30,15,40,20,15,174
Togepi,Hustle,Serene Grace,Super Luck,35,20,65,40,65,20,175
Togetic,Hustle,Serene Grace,Super Luck,55,40,85,80,105,40,176
Natu,Synchronize,Early Bird,Magic Bounce,40,50,45,70,45,70,177
Xatu,Synchronize,Early Bird,Magic Bounce,65,75,70,95,70,95,178
Mareep,Static,Plus,,55,40,40,65,45,35,179
Flaaffy,Static,Plus,,70,55,55,80,60,45,180
Ampharos,Static,Plus,,90,75,85,115,90,55,181
Bellossom,Chlorophyll,Healer,,75,80,95,90,100,50,182
Marill,Thick Fat,Huge Power,Sap Sipper,70,20,50,20,50,40,183
Azumarill,Thick Fat,Huge Power,Sap Sipper,100,50,80,60,80,50,184
Sudowoodo,Sturdy,Rock Head,Rattled,70,100,115,30,65,30,185
Politoed,Water Absorb,Damp,Drizzle,90,75,75,90,100,70,186
Hoppip,Chlorophyll,Leaf Guard,Infiltrator,35,35,40,35,55,50,187
Skiploom,Chlorophyll,Leaf Guard,Infiltrator,55,45,50,45,65,80,188
Jumpluff,Chlorophyll,Leaf Guard,Infiltrator,75,55,70,55,95,110,189
Aipom,Run Away,Pickup,Skill Link,55,70,55,40,55,85,190
Sunkern,Chlorophyll,Solar Power,Early Bird,30,30,30,30,30,30,191
Sunflora,Chlorophyll,Solar Power,Early Bird,75,75,55,105,85,30,192
Yanma,Speed Boost,Compoundeyes,Frisk,65,65,45,75,45,95,193
Wooper,Damp Water,Absorb,Unaware,55,45,45,25,25,15,194
Quagsire,Damp Water,Absorb,Unaware,95,85,85,65,65,35,195
Espeon,Synchronize,Magic Bounce,,65,65,60,130,95,110,196
Umbreon,Synchronize,Inner Focus,,95,65,110,60,130,65,197
Murkrow,Insomnia,Super Luck,Prankster,60,85,42,85,42,91,198
Slowking,Oblivious,Own Tempo,Regenerator,95,75,80,100,110,30,199
Misdreavus,Levitate,,,60,60,60,85,85,85,200
Unown,Levitate,,,48,72,48,72,48,48,201
Wobbuffet,Shadow Tag,Telepathy,,190,33,58,33,58,33,202
Girafarig,Inner Focus,Early Bird,Sap Sipper,70,80,65,90,65,85,203
Pineco,Sturdy,Overcoat,,50,65,90,35,35,15,204
Forretress,Sturdy,Overcoat,,75,90,140,60,60,40,205
Dunsparce,Serene Grace,Run Away,Rattled,100,70,70,65,65,45,206
Gligar,Hyper Cutter,Sand Veil,Immunity,65,75,105,35,65,85,207
Steelix,Rock Head,Sturdy,Sheer Force,75,85,200,55,65,30,208
Snubbull,Intimidate,Run Away,Rattled,60,80,50,40,40,30,209
Granbull,Intimidate,Quick Feet,Rattled,90,120,75,60,60,45,210
Qwilfish,Poison Point,Swift Swim,Intimidate,65,95,85,55,55,85,211
Scizor,Swarm,Technician,Light Metal,70,130,100,55,80,65,212
Shuckle,Sturdy,Gluttony,Contrary,20,10,230,10,230,5,213
Heracross,Swarm,Guts,Moxie,80,125,75,40,95,85,214
Sneasel,Inner Focus,Keen Eye,Pickpocket,55,95,55,35,75,115,215
Teddiursa,Pickup,Quick Feet,Honey Gather,60,80,50,50,50,40,216
Ursaring,Guts,Quick Feet,Unnerve,90,130,75,75,75,55,217
Slugma,Magma Armor,Flame Body,Weak Armor,40,40,40,70,40,20,218
Magcargo,Magma Armor,Flame Body,Weak Armor,60,50,120,90,80,30,219
Swinub,Oblivious,Snow Cloak,Thick Fat,50,50,40,30,30,50,220
Piloswine,Oblivious,Snow Cloak,Thick Fat,100,100,80,60,60,50,221
Corsola,Hustle,Natural Cure,Regenerator,65,55,95,65,95,35,222
Remoraid,Hustle,Sniper,Moody,35,65,35,65,35,65,223
Octillery,Suction Cups,Sniper Moody,,75,105,75,105,75,45,224
Delibird,Vital Spirit,Hustle,Insomnia,45,55,45,65,45,75,225
Mantine,Swift Swim,Water Absorb,Water Veil,85,40,70,80,140,70,226
Skarmory,Keen Eye,Sturdy,Weak Armor,65,80,140,40,70,70,227
Houndour,Early Bird,Flash Fire,Unnerve,45,60,30,80,50,65,228
Houndoom,Early Bird,Flash Fire,Unnerve,75,90,50,110,80,95,229
Kingdra,Swift Swim,Sniper Damp,,75,95,95,95,95,85,230
Phanpy,Pickup,Sand Veil,,90,60,60,40,40,40,231
Donphan,Sturdy,Sand Veil,,90,120,120,60,60,50,232
Porygon2,Trace,Download,Analytic,85,80,90,105,95,60,233
Stantler,Intimidate,Frisk,Sap Sipper,73,95,62,85,65,85,234
Smeargle,Own Tempo,Technician,Moody,55,20,35,20,45,75,235
Tyrogue,Guts,Steadfast,Vital Spirit,35,35,35,35,35,35,236
Hitmontop,Intimidate,Technician,Steadfast,50,95,95,35,110,70,237
Smoochum,Oblivious,Forewarn,Hydration,45,30,15,85,65,65,238
Elekid,Static,Vital Spirit,,45,63,37,65,55,95,239
Magby,Flame Body,Vital Spirit,,45,75,37,70,55,83,240
Miltank,Thick Fat,Scrappy,Sap Sipper,95,80,105,40,70,100,241
Blissey,Natural Cure,Serene Grace,Healer,255,10,10,75,135,55,242
Raikou,Pressure,Inner Focus,,90,85,75,115,100,115,243
Entei,Pressure,Inner Focus,,115,115,85,90,75,100,244
Suicune,Pressure,Inner Focus,,100,75,115,90,115,85,245
Larvitar,Guts,Sand Veil,,50,64,50,45,50,41,246
Pupitar,Shed Skin,,,70,84,70,65,70,51,247
Tyranitar,Sand Stream,Unnerve,,100,134,110,95,100,61,248
Lugia,Pressure,Multiscale,,106,90,130,90,154,110,249
Ho-Oh,Pressure,Regenerator,,106,130,90,110,154,90,250
Celebi,Natural Cure,,,100,100,100,100,100,100,251
Treecko,Overgrow,Unburden,,40,45,35,65,55,70,252
Grovyle,Overgrow,Unburden,,50,65,45,85,65,95,253
Sceptile,Overgrow,Unburden,,70,85,65,105,85,120,254
Torchic,Blaze,Speed Boost,,45,60,40,70,50,45,255
Combusken,Blaze,Speed Boost,,60,85,60,85,60,55,256
Blaziken,Blaze,Speed Boost,,80,120,70,110,70,80,257
Mudkip,Torrent,Damp,,50,70,50,50,50,40,258
Marshtomp,Torrent,Damp,,70,85,70,60,70,50,259
Swampert,Torrent,Damp,,100,110,90,85,90,60,260
Poochyena,Run Away,Quick Feet,Rattled,35,55,35,30,30,35,261
Mightyena,Intimidate,Quick Feet,Moxie,70,90,70,60,60,70,262
Zigzagoon,Pickup,Gluttony,Quick Feet,38,30,41,30,41,60,263
Linoone,Pickup,Gluttony,Quick Feet,78,70,61,50,61,100,264
Wurmple,Shield Dust,Run Away,,45,45,35,20,30,20,265
Silcoon,Shed Skin,,,50,35,55,25,25,15,266
Beautifly,Swarm,Rivalry,,60,70,50,100,50,65,267
Cascoon,Shed Skin,,,50,35,55,25,25,15,268
Dustox,Shield Dust,Compoundeyes,,60,50,70,50,90,65,269
Lotad,Swift Swim,Rain Dish,Own Tempo,40,30,30,40,50,30,270
Lombre,Swift Swim,Rain Dish,Own Tempo,60,50,50,60,70,50,271
Ludicolo,Swift Swim,Rain Dish,Own Tempo,80,70,70,90,100,70,272
Seedot,Chlorophyll,Early Bird,Pickpocket,40,40,50,30,30,30,273
Nuzleaf,Chlorophyll,Early Bird,Pickpocket,70,70,40,60,40,60,274
Shiftry,Chlorophyll,Early Bird,Pickpocket,90,100,60,90,60,80,275
Taillow,Guts,Scrappy,,40,55,30,30,30,85,276
Swellow,Guts Scrappy,,,60,85,60,75,50,125,277
Wingull,Keen Eye,Hydration,Rain Dish,40,30,30,55,30,85,278
Pelipper,Keen Eye,Drizzle,Rain Dish,60,50,100,95,70,65,279
Ralts,Synchronize,Trace,Telepathy,28,25,25,45,35,40,280
Kirlia,Synchronize,Trace,Telepathy,38,35,35,65,55,50,281
Gardevoir,Synchronize,Trace,Telepathy,68,65,65,125,115,80,282
Surskit,Swift Swim,Rain Dish,,40,30,32,50,52,65,283
Masquerain,Intimidate,Unnerve,,70,60,62,100,82,80,284
Shroomish,Effect Spore,Poison Heal,Quick Feet,60,40,60,40,60,35,285
Breloom,Effect Spore,Poison Heal,Quick Feet,60,130,80,60,60,70,286
Slakoth,Truant,,,60,60,60,35,35,30,287
Vigoroth,Vital Spirit,,,80,80,80,55,55,90,288
Slaking,Truant,,,150,160,100,95,65,100,289
Nincada,Compoundeyes,Run Away,,31,45,90,30,30,40,290
Ninjask,Speed Boost,Infiltrator,,61,90,45,50,50,160,291
Shedinja,Wonder Guard,,,1,90,45,30,30,40,292
Whismur,Soundproof,Rattled,,64,51,23,51,23,28,293
Loudred,Soundproof,Scrappy,,84,71,43,71,43,48,294
Exploud,Soundproof,Scrappy,,104,91,63,91,73,68,295
Makuhita,Thick Fat,Guts,Sheer Force,72,60,30,20,30,25,296
Hariyama,Thick Fat,Guts,Sheer Force,144,120,60,40,60,50,297
Azurill,Thick Fat,Huge Power,Sap Sipper,50,20,40,20,40,20,298
Nosepass,Sturdy,Magnet Pull,Sand Force,30,45,135,45,90,30,299
Skitty,Cute Charm,Normalize,Wonder Skin,50,45,45,35,35,50,300
Delcatty,Cute Charm,Normalize,Wonder Skin,70,65,65,55,55,90,301
Sableye,Keen Eye,Stall,Prankster,50,75,75,65,65,50,302
Mawile,Hyper Cutter,Intimidate,Sheer Force,50,85,85,55,55,50,303
Aron,Sturdy,Rock Head,Heavy Metal,50,70,100,40,40,30,304
Lairon,Sturdy,Rock Head,Heavy Metal,60,90,140,50,50,40,305
Aggron,Sturdy,Rock Head,Heavy Metal,70,110,180,60,60,50,306
Meditite,Pure Power,Telepathy,,30,40,55,40,55,60,307
Medicham,Pure Power,Telepathy,,60,60,75,60,75,80,308
Electrike,Static,Lightning Rod,Minus,40,45,40,65,40,65,309
Manectric,Static,Lightning Rod,Minus,70,75,60,105,60,105,310
Plusle,Plus,Lightning Rod,,60,50,40,85,75,95,311
Minun,Minus,Volt,Absorb,60,40,50,75,85,95,312
Volbeat,Illuminate,Swarm,Prankster,65,73,75,47,85,85,313
Illumise,Oblivious,Tinted Lens,Prankster,65,47,75,73,85,85,314
Roselia,Natural Cure,Poison Point,Leaf Guard,50,60,45,100,80,65,315
Gulpin,Liquid Ooze,Sticky Hold,Gluttony,70,43,53,43,53,40,316
Swalot,Liquid Ooze,Sticky Hold,Gluttony,100,73,83,73,83,55,317
Carvanha,Rough Skin,Speed Boost,,45,90,20,65,20,65,318
Sharpedo,Rough Skin,Speed Boost,,70,120,40,95,40,95,319
Wailmer,Water Veil,Oblivious,Pressure,130,70,35,70,35,60,320
Wailord,Water Veil,Oblivious,Pressure,170,90,45,90,45,60,321
Numel,Oblivious,Simple,Own Tempo,60,60,40,65,45,35,322
Camerupt,Magma Armor,Solid Rock,Anger Point,70,100,70,105,75,40,323
Torkoal,White Smoke,Drought,Shell Armor,70,85,140,85,70,20,324
Spoink,Thick Fat,Own Tempo,Gluttony,60,25,35,70,80,60,325
Grumpig,Thick Fat,Own Tempo,Gluttony,80,45,65,90,110,80,326
Spinda,Own Tempo,Tangled Feet,Contrary,60,60,60,60,60,60,327
Trapinch,Hyper Cutter,Arena Trap,Sheer Force,45,100,45,45,45,10,328
Vibrava,Levitate,,,50,70,50,50,50,70,329
Flygon,Levitate,,,80,100,80,80,80,100,330
Cacnea,Sand Veil,Water Absorb,,50,85,40,85,40,35,331
Cacturne,Sand Veil,Water Absorb,,70,115,60,115,60,55,332
Swablu,Natural Cure,Cloud Nine,,45,40,60,40,75,50,333
Altaria,Natural Cure,Cloud Nine,,75,70,90,70,105,80,334
Zangoose,Immunity,Toxic Boost,,73,115,60,60,60,90,335
Seviper,Shed Skin,Infiltrator,,73,100,60,100,60,65,336
Lunatone,Levitate,,,90,55,65,95,85,70,337
Solrock,Levitate,,,90,95,85,55,65,70,338
Barboach,Oblivious,Anticipation,Hydration,50,48,43,46,41,60,339
Whiscash,Oblivious,Anticipation,Hydration,110,78,73,76,71,60,340
Corphish,Hyper Cutter,Shell Armor,Adaptability,43,80,65,50,35,35,341
Crawdaunt,Hyper Cutter,Shell Armor,Adaptability,63,120,85,90,55,55,342
Baltoy,Levitate,,,40,40,55,40,70,55,343
Claydol,Levitate,,,60,70,105,70,120,75,344
Lileep,Suction Cups,Storm Drain,,66,41,77,61,87,23,345
Cradily,Suction Cups,Storm Drain,,86,81,97,81,107,43,346
Anorith,Battle Armor,Swift Swim,,45,95,50,40,50,75,347
Armaldo,Battle Armor,Swift Swim,,75,125,100,70,80,45,348
Feebas,Swift Swim,Oblivious,Adaptability,20,15,20,10,55,80,349
Milotic,Marvel Scale,Competitive,Cute Charm,95,60,79,100,125,81,350
Castform,Forecast,,,70,70,70,70,70,70,351
Kecleon,Color Change,Protean,,60,90,70,60,120,40,352
Shuppet,Insomnia,Frisk,Cursed Body,44,75,35,63,33,45,353
Banette,Insomnia,Frisk,Cursed Body,64,115,65,83,63,65,354
Duskull,Levitate,Frisk,,20,40,90,30,90,25,355
Dusclops,Pressure,Frisk,,40,70,130,60,130,25,356
Tropius,Chlorophyll,Solar Power,Harvest,99,68,83,72,87,51,357
Chimecho,Levitate,,,75,50,80,95,90,65,358
Absol,Pressure,Super Luck,Justified,65,130,60,75,60,75,359
Wynaut,Shadow Tag,Telepathy,,95,23,48,23,48,23,360
Snorunt,Inner Focus,Ice Body,Moody,50,50,50,50,50,50,361
Glalie,Inner Focus,Ice Body,Moody,80,80,80,80,80,80,362
Spheal,Thick Fat,Ice Body,Oblivious,70,40,50,55,50,25,363
Sealeo,Thick Fat,Ice Body,Oblivious,90,60,70,75,70,45,364
Walrein,Thick Fat,Ice Body,Oblivious,110,80,90,95,90,65,365
Clamperl,Shell Armor,Rattled,,35,64,85,74,55,32,366
Huntail,Swift Swim,Water Veil,,55,104,105,94,75,52,367
Gorebyss,Swift Swim,Hydration,,55,84,105,114,75,52,368
Relicanth,Swift Swim,Rock Head,Sturdy,100,90,130,45,65,55,369
Luvdisc,Swift Swim,Hydration,,43,30,55,40,65,97,370
Bagon,Rock Head,Sheer Force,,45,75,60,40,30,50,371
Shelgon,Rock Head,Overcoat,,65,95,100,60,50,50,372
Salamence,Intimidate,Moxie,,95,135,80,110,80,100,373
Beldum,Clear Body,Light Metal,,40,55,80,35,60,30,374
Metang,Clear Body,Light Metal,,60,75,100,55,80,50,375
Metagross,Clear Body,Light Metal,,80,135,130,95,90,70,376
Regirock,Clear Body,Sturdy,,80,100,200,50,100,50,377
Regice,Clear Body,Ice Body,,80,50,100,100,200,50,378
Registeel,Clear Body,Light Metal,,80,75,150,75,150,50,379
Latias,Levitate,,,80,80,90,110,130,110,380
Latios,Levitate,,,80,90,80,130,110,110,381
Kyogre,Drizzle,,,100,100,90,150,140,90,382
Groudon,Drought,,,100,150,140,100,90,90,383
Rayquaza,Air Lock,,,105,150,90,150,90,95,384
Jirachi,Serene Grace,,,100,100,100,100,100,100,385
Deoxys,Pressure,,,50,150,50,150,50,150,386
Turtwig,Overgrow,Shell Armor,,55,68,64,45,55,31,387
Grotle,Overgrow,Shell Armor,,75,89,85,55,65,36,388
Torterra,Overgrow,Shell Armor,,95,109,105,75,85,56,389
Chimchar,Blaze,Iron Fist,,44,58,44,58,44,61,390
Monferno,Blaze,Iron Fist,,64,78,52,78,52,81,391
Infernape,Blaze,Iron Fist,,76,104,71,104,71,108,392
Piplup,Torrent,Defiant,,53,51,53,61,56,40,393
Prinplup,Torrent,Defiant,,64,66,68,81,76,50,394
Empoleon,Torrent,Defiant,,84,86,88,111,101,60,395
Starly,Keen Eye,Reckless,,40,55,30,30,30,60,396
Staravia,Intimidate,Reckless,,55,75,50,40,40,80,397
Staraptor,Intimidate,Reckless,,85,120,70,50,60,100,398
Bidoof,Simple,Unaware,Moody,59,45,40,35,40,31,399
Bibarel,Simple,Unaware,Moody,79,85,60,55,60,71,400
Kricketot,Shed Skin,Run Away,,37,25,41,25,41,25,401
Kricketune,Swarm,Technician,,77,85,51,55,51,65,402
Shinx,Rivalry,Intimidate,Guts,45,65,34,40,34,45,403
Luxio,Rivalry,Intimidate,Guts,60,85,49,60,49,60,404
Luxray,Rivalry,Intimidate,Guts,80,120,79,95,79,70,405
Budew,Natural Cure,Poison Point,Leaf Guard,40,30,35,50,70,55,406
Roserade,Natural Cure,Poison Point,Leaf Guard,60,70,65,125,105,90,407
Cranidos,Mold Breaker,Sheer Force,,67,125,40,30,30,58,408
Rampardos,Mold Breaker,Sheer Force,,97,165,60,65,50,58,409
Shieldon,Sturdy,Soundproof,,30,42,118,42,88,30,410
Bastiodon,Sturdy,Soundproof,,60,52,168,47,138,30,411
Burmy,Shed Skin,Overcoat,,40,29,45,29,45,36,412
Wormadam,Anticipation,Overcoat,,60,59,85,79,105,36,413
Mothim,Swarm,Tinted Lens,,70,94,50,94,50,66,414
Combee,Honey Gather,Hustle,,30,30,42,30,42,70,415
Vespiquen,Pressure,Unnerve,,70,80,102,80,102,40,416
Pachirisu,Run Away,Pickup,Volt Absorb,60,45,70,45,90,95,417
Buizel,Swift Swim,Water Veil,,55,65,35,60,30,85,418
Floatzel,Swift Swim,Water Veil,,85,105,55,85,50,115,419
Cherubi,Chlorophyll,,,45,35,45,62,53,35,420
Cherrim,Flower Gift,,,70,60,70,87,78,85,421
Shellos,Sticky Hold,Storm Drain,Sand Force,76,48,48,57,62,34,422
Gastrodon,Sticky Hold,Storm Drain,Sand Force,111,83,68,92,82,39,423
Ambipom,Technician,Pickup,Skill Link,75,100,66,60,66,115,424
Drifloon,Aftermath,Unburden,Flare Boost,90,50,34,60,44,70,425
Drifblim,Aftermath,Unburden,Flare Boost,150,80,44,90,54,80,426
Buneary,Run Away,Klutz,Limber,55,66,44,44,56,85,427
Lopunny,Cute Charm,Klutz,Limber,65,76,84,54,96,105,428
Mismagius,Levitate,,,60,60,60,105,105,105,429
Honchkrow,Insomnia,Super Luck,Moxie,100,125,52,105,52,71,430
Glameow,Limber,Own Tempo,Keen Eye,49,55,42,42,37,85,431
Purugly,Thick Fat,Own Tempo,Defiant,71,82,64,64,59,112,432
Chingling,Levitate,,,45,30,50,65,50,45,433
Stunky,Stench,Aftermath,Keen Eye,63,63,47,41,41,74,434
Skuntank,Stench,Aftermath,Keen Eye,103,93,67,71,61,84,435
Bronzor,Levitate,Heatproof,Heavy Metal,57,24,86,24,86,23,436
Bronzong,Levitate,Heatproof,Heavy Metal,67,89,116,79,116,33,437
Bonsly,Sturdy,Rock Head,Rattled,50,80,95,10,45,10,438
Mime Jr.,Soundproof,Filter,Technician,20,25,45,70,90,60,439
Happiny,Natural Cure,Serene Grace,Friend Guard,100,5,5,15,65,30,440
Chatot,Keen Eye,Tangled Feet,Big Pecks,76,65,45,92,42,91,441
Spiritomb,Pressure,Infiltrator,,50,92,108,92,108,35,442
Gible,Sand Veil,Rough Skin,,58,70,45,40,45,42,443
Gabite,Sand Veil,Rough Skin,,68,90,65,50,55,82,444
Garchomp,Sand Veil,Rough Skin,,108,130,95,80,85,102,445
Munchlax,Pickup,Thick Fat,Gluttony,135,85,40,40,85,5,446
Riolu,Steadfast,inner focus,Justified,40,70,40,35,40,60,447
Lucario,Steadfast,inner focus,Justified,70,110,70,115,70,90,448
Hippopotas,Sand Stream,Sand Force,,68,72,78,38,42,32,449
Hippowdon,Sand Stream,Sand Force,,108,112,118,68,72,47,450
Skorupi,Battle Armor,Sniper,Keen Eye,40,50,90,30,55,65,451
Drapion,Battle Armor,Sniper,Keen Eye,70,90,110,60,75,95,452
Croagunk,Anticipation,Dry Skin,Poison Touch,48,61,40,61,40,50,453
Toxicroak,Anticipation,Dry Skin,Poison Touch,83,106,65,86,65,85,454
Carnivine,Levitate,,,74,100,72,90,72,46,455
Finneon,Swift Swim,Storm Drain,Water Veil,49,49,56,49,61,66,456
Lumineon,Swift Swim,Storm Drain,Water Veil,69,69,76,69,86,91,457
Mantyke,Swift Swim,Water Absorb,Water Veil,45,20,50,60,120,50,458
Snover,Snow Warning,Soundproof,,60,62,50,62,60,40,459
Abomasnow,Snow Warning,Soundproof,,90,92,75,92,85,60,460
Weavile,Pressure,Pickpocket,,70,120,65,45,85,125,461
Magnezone,Magnet Pull,Sturdy,Analytic,70,70,115,130,90,60,462
Lickilicky,Own Tempo,Oblivious,Cloud Nine,110,85,95,80,95,50,463
Rhyperior,Lightning Rod,Solid Rock,Reckless,115,140,130,55,55,40,464
Tangrowth,Chlorophyll,Leaf Guard,Regenerator,100,100,125,110,50,50,465
Electivire,Motor Drive,Vital Spirit,,75,123,67,95,85,95,466
Magmortar,Flame Body,Vital Spirit,,75,95,67,125,95,83,467
Togekiss,Hustle,Serene Grace,Super Luck,85,50,95,120,115,80,468
Yanmega,Speed Boost,Tinted Lens,Frisk,86,76,86,116,56,95,469
Leafeon,Leaf Guard,Chlorophyll,,65,110,130,60,65,95,470
Glaceon,Snow Cloak,Ice Body,,65,60,110,130,95,65,471
Gliscor,Hyper Cutter,Sand Veil,Immunity,75,95,125,45,75,95,472
Mamoswine,Oblivious,Snow Cloak,Thick Fat,110,130,80,70,60,80,473
Porygon-Z,Adaptability,Download,Analytic,85,80,70,135,75,90,474
Gallade,Steadfast,Justified,,68,125,65,65,115,80,475
Probopass,Sturdy,Magnet Pull,Sand Force,60,55,145,75,150,40,476
Dusknoir,Pressure,Frisk,,45,100,135,65,135,45,477
Froslass,Snow Cloak,Cursed Body,,70,80,70,80,70,110,478
Rotom,Levitate,,,50,50,77,95,77,91,479
Uxie,Levitate,,,75,75,130,75,130,95,480
Mesprit,Levitate,,,80,105,105,105,105,80,481
Azelf,Levitate,,,75,125,70,125,70,115,482
Dialga,Pressure,Telepathy,,100,120,120,150,100,90,483
Palkia,Pressure,Telepathy,,90,120,100,150,120,100,484
Heatran,Flash Fire,Flame Body,,91,90,106,130,106,77,485
Regigigas,Slow Start,,,110,160,110,80,110,100,486
Giratina,Pressure,Telepathy,,150,100,120,100,120,90,487
Cresselia,Levitate,,,120,70,120,75,130,85,488
Phione,Hydration,,,80,80,80,80,80,80,489
Manaphy,Hydration,,,100,100,100,100,100,100,490
Darkrai,Bad Dreams,,,70,90,90,135,90,125,491
Shaymin,Natural Cure,,,100,100,100,100,100,100,492
Arceus,Multitype,,,120,120,120,120,120,120,493
Victini,Victory Star,,,100,100,100,100,100,100,494
Snivy,Overgrow,Contrary,,45,45,55,45,55,63,495
Servine,Overgrow,Contrary,,60,60,75,60,75,83,496
Serperior,Overgrow,Contrary,,75,75,95,75,95,113,497
Tepig,Blaze,Thick Fat,,65,63,45,45,45,45,498
Pignite,Blaze,Thick Fat,,90,93,55,70,55,55,499
Emboar,Blaze,Reckless,,110,123,65,100,65,65,500
Oshawott,Torrent,Shell Armor,,55,55,45,63,45,45,501
Dewott,Torrent,Shell Armor,,75,75,60,83,60,60,502
Samurott,Torrent,Shell Armor,,95,100,85,108,70,70,503
Patrat,Run Away,Keen Eye,Analytic,45,55,39,35,39,42,504
Watchog,Illuminate,Keen Eye,Analytic,60,85,69,60,69,77,505
Lillipup,Vital Spirit,Pickup,Run Away,45,60,45,25,45,55,506
Herdier,Intimidate,Sand Rush,Scrappy,65,80,65,35,65,60,507
Stoutland,Intimidate,Sand Rush,Scrappy,85,110,90,45,90,80,508
Purrloin,Limber,Unburden,Prankster,41,50,37,50,37,66,509
Liepard,Limber,Unburden,Prankster,64,88,50,88,50,106,510
Pansage,Gluttony,Overgrow,,50,53,48,53,48,64,511
Simisage,Gluttony,Overgrow,,75,98,63,98,63,101,512
Pansear,Gluttony,Blaze,,50,53,48,53,48,64,513
Simisear,Gluttony,Blaze,,75,98,63,98,63,101,514
Panpour,Gluttony,Torrent,,50,53,48,53,48,64,515
Simipour,Gluttony,Torrent,,75,98,63,98,63,101,516
Munna,Forewarn,Synchronize,Telepathy,76,25,45,67,55,24,517
Musharna,Forewarn,Synchronize,Telepathy,116,55,85,107,95,29,518
Pidove,Big Pecks,Super Luck,Rivalry,50,55,50,36,30,43,519
Tranquill,Big Pecks,Super Luck,Rivalry,62,77,62,50,42,65,520
Unfezant,Big Pecks,Super Luck,Rivalry,80,115,80,65,55,93,521
Blitzle,Lightning Rod,Motor Drive,Sap Sipper,45,60,32,50,32,76,522
Zebstrika,Lightning Rod,Motor Drive,Sap Sipper,75,100,63,80,63,116,523
Roggenrola,Sturdy,Weak Armor,Sand Force,55,75,85,25,25,15,524
Boldore,Sturdy,Weak Armor,Sand Force,70,105,105,50,40,20,525
Gigalith,Sturdy,Sand Stream,Sand Force,85,135,130,60,80,25,526
Woobat,Unaware,Klutz,Simple,65,45,43,55,43,72,527
Swoobat,Unaware,Klutz,Simple,67,57,55,77,55,114,528
Drilbur,Sand Rush,Sand Force,Mold Breaker,60,85,40,30,45,68,529
Excadrill,Sand Rush,Sand Force,Mold Breaker,110,135,60,50,65,88,530
Audino,Healer,Regenerator,Klutz,103,60,86,60,86,50,531
Timburr,Guts,Sheer Force,Iron Fist,75,80,55,25,35,35,532
Gurdurr,Guts,Sheer Force,Iron Fist,85,105,85,40,50,40,533
Conkeldurr,Guts,Sheer Force,Iron Fist,105,140,95,55,65,45,534
Tympole,Swift Swim,Hydration,Water Absorb,50,50,40,50,40,64,535
Palpitoad,Swift Swim,Hydration,Water Absorb,75,65,55,65,55,69,536
Seismitoad,Swift Swim,Poison Touch,Water Absorb,105,95,75,85,75,74,537
Throh,Guts,Inner Focus,Mold Breaker,120,100,85,30,85,45,538
Sawk,Sturdy,inner focus,Mold Breaker,75,125,75,30,75,85,539
Sewaddle,Swarm,Chlorophyll,Overcoat,45,53,70,40,60,42,540
Swadloon,Leaf Guard,Chlorophyll,Overcoat,55,63,90,50,80,42,541
Leavanny,Swarm,Chlorophyll,Overcoat,75,103,80,70,80,92,542
Venipede,Poison Point,Swarm,Speed Boost,30,45,59,30,39,57,543
Whirlipede,Poison Point,Swarm,Speed Boost,40,55,99,40,79,47,544
Scolipede,Poison Point,Swarm,Speed Boost,60,100,89,55,69,112,545
Cottonee,Prankster,Infiltrator,Chlorophyll,40,27,60,37,50,66,546
Whimsicott,Prankster,Infiltrator,Chlorophyll,60,67,85,77,75,116,547
Petilil,Chlorophyll,Own Tempo,Leaf Guard,45,35,50,70,50,30,548
Lilligant,Chlorophyll,Own Tempo,Leaf Guard,70,60,75,110,75,90,549
Basculin,Reckless,Adaptability,Mold Breaker,70,92,65,80,55,98,550
Sandile,Intimidate,Moxie,Anger Point,50,72,35,35,35,65,551
Krokorok,Intimidate,Moxie,Anger Point,60,82,45,45,45,74,552
Krookodile,Intimidate,Moxie,Anger Point,95,117,80,65,70,92,553
Darumaka,Hustle,Inner Focus,,70,90,45,15,45,50,554
Darmanitan,Sheer Force,Zen Mode,,105,140,55,30,55,95,555
Maractus,Water Absorb,Chlorophyll,Storm Drain,75,86,67,106,67,60,556
Dwebble,Sturdy,Shell Armor,Weak Armor,50,65,85,35,35,55,557
Crustle,Sturdy,Shell Armor,Weak Armor,70,105,125,65,75,45,558
Scraggy,Shed Skin,Moxie,Intimidate,50,75,70,35,70,48,559
Scrafty,Shed Skin,Moxie,Intimidate,65,90,115,45,115,58,560
Sigilyph,Wonder Skin,Magic Guard,Tinted Lens,72,58,80,103,80,97,561
Yamask,Mummy,,,38,30,85,55,65,30,562
Cofagrigus,Mummy,,,58,50,145,95,105,30,563
Tirtouga,Solid Rock,Sturdy,Swift Swim,54,78,103,53,45,22,564
Carracosta,Solid Rock,Sturdy,Swift Swim,74,108,133,83,65,32,565
Archen,Defeatist,,,55,112,45,74,45,70,566
Archeops,Defeatist,,,75,140,65,112,65,110,567
Trubbish,Stench,Sticky Hold,Aftermath,50,50,62,40,62,65,568
Garbodor,Stench,Weak Armor,Aftermath,80,95,82,60,82,75,569
Zorua,Illusion,,,40,65,40,80,40,65,570
Zoroark,Illusion,,,60,105,60,120,60,105,571
Minccino,Cute Charm,Technician,Skill Link,55,50,40,40,40,75,572
Cinccino,Cute Charm,Technician,Skill Link,75,95,60,65,60,115,573
Gothita,Frisk,Competitive,Shadow Tag,45,30,50,55,65,45,574
Gothorita,Frisk,Competitive,Shadow Tag,60,45,70,75,85,55,575
Gothitelle,Frisk,Competitive,Shadow Tag,70,55,95,95,110,65,576
Solosis,Overcoat,Magic Guard,Regenerator,45,30,40,105,50,20,577
Duosion,Overcoat,Magic Guard,Regenerator,65,40,50,125,60,30,578
Reuniclus,Overcoat,Magic Guard,Regenerator,110,65,75,125,85,30,579
Ducklett,Keen Eye,Big Pecks,Hydration,62,44,50,44,50,55,580
Swanna,Keen Eye,Big Pecks,Hydration,75,87,63,87,63,98,581
Vanillite,Ice Body,Snow Cloak,Weak Armor,36,50,50,65,60,44,582
Vanillish,Ice Body,Snow Cloak,Weak Armor,51,65,65,80,75,59,583
Vanilluxe,Ice Body,Snow Warning,Weak Armor,71,95,85,110,95,79,584
Deerling,Chlorophyll,Sap Sipper,Serene Grace,60,60,50,40,50,75,585
Sawsbuck,Chlorophyll,Sap Sipper,Serene Grace,80,100,70,60,70,95,586
Emolga,Static,Motor Drive,,55,75,60,75,60,103,587
Karrablast,Swarm,Shed Skin,No Guard,50,75,45,40,45,60,588
Escavalier,Swarm,Shell Armor,Overcoat,70,135,105,60,105,20,589
Foongus,Effect Spore,Regenerator,,69,55,45,55,55,15,590
Amoonguss,Effect Spore,Regenerator,,114,85,70,85,80,30,591
Frillish,Water Absorb,Cursed Body,Damp,55,40,50,65,85,40,592
Jellicent,Water Absorb,Cursed Body Damp,,100,60,70,85,105,60,593
Alomomola,Healer,Hydration,Regenerator,165,75,80,40,45,65,594
Joltik,Compoundeyes,Unnerve,Swarm,50,47,50,57,50,65,595
Galvantula,Compoundeyes,Unnerve,Swarm,70,77,60,97,60,108,596
Ferroseed,Iron Barbs,,,44,50,91,24,86,10,597
Ferrothorn,Iron Barbs,Anticipation,,74,94,131,54,116,20,598
Klink,Plus,Minus,Clear Body,40,55,70,45,60,30,599
Klang,Plus,Minus,Clear Body,60,80,95,70,85,50,600
Klinklang,Plus,Minus,Clear Body,60,100,115,70,85,90,601
Tynamo,Levitate,,,35,55,40,45,40,60,602
Eelektrik,Levitate,,,65,85,70,75,70,40,603
Eelektross,Levitate,,,85,115,80,105,80,50,604
Elgyem,Telepathy,Synchronize,Analytic,55,55,55,85,55,30,605
Beheeyem,Telepathy,Synchronize,Analytic,75,75,75,125,95,40,606
Litwick,Flash Fire,Flame Body,Infiltrator,50,30,55,65,55,20,607
Lampent,Flash Fire,Flame Body,Infiltrator,60,40,60,95,60,55,608
Chandelure,Flash Fire,Flame Body,Infiltrator,60,55,90,145,90,80,609
Axew,Rivalry,Mold Breaker,Unnerve,46,87,60,30,40,57,610
Fraxure,Rivalry,Mold Breaker,Unnerve,66,117,70,40,50,67,611
Haxorus,Rivalry,Mold Breaker,Unnerve,76,147,90,60,70,97,612
Cubchoo,Snow Cloak,Slush Rush,Rattled,55,70,40,60,40,40,613
Beartic,Snow Cloak,Slush Rush,Swift Swim,95,130,80,70,80,50,614
Cryogonal,Levitate,,,80,50,50,95,135,105,615
Shelmet,Hydration,Shell Armor,Overcoat,50,40,85,40,65,25,616
Accelgor,Hydration,Sticky Hold,Unburden,80,70,40,100,60,145,617
Stunfisk,Static,Limber,Sand Veil,109,66,84,81,99,32,618
Mienfoo,inner focus,Regenerator,Reckless,45,85,50,55,50,65,619
Mienshao,inner focus,Regenerator,Reckless,65,125,60,95,60,105,620
Druddigon,Rough Skin,Sheer Force,Mold Breaker,77,120,90,60,90,48,621
Golett,Iron Fist,Klutz,No Guard,59,74,50,35,50,35,622
Golurk,Iron Fist,Klutz,No Guard,89,124,80,55,80,55,623
Pawniard,Defiant,Inner Focus,Pressure,45,85,70,40,40,60,624
Bisharp,Defiant,Inner Focus,Pressure,65,125,100,60,70,70,625
Bouffalant,Reckless,Sap Sipper,Soundproof,95,110,95,40,95,55,626
Rufflet,Keen Eye,Sheer Force,Hustle,70,83,50,37,50,60,627
Braviary,Keen Eye,Sheer Force,Defiant,100,123,75,57,75,80,628
Vullaby,Big Pecks,Overcoat,Weak Armor,70,55,75,45,65,60,629
Mandibuzz,Big Pecks,Overcoat,Weak Armor,110,65,105,55,95,80,630
Heatmor,Gluttony,Flash Fire,White Smoke,85,97,66,105,66,65,631
Durant,Swarm,Hustle,Truant,58,109,112,48,48,109,632
Deino,Hustle,,,52,65,50,45,50,38,633
Zweilous,Hustle,,,72,85,70,65,70,58,634
Hydreigon,Levitate,,,92,105,90,125,90,98,635
Larvesta,Flame Body,Swarm,,55,85,55,50,55,60,636
Volcarona,Flame Body,Swarm,,85,60,65,135,105,100,637
Cobalion,Justified,,,91,90,129,90,72,108,638
Terrakion,Justified,,,91,129,90,72,90,108,639
Virizion,Justified,,,91,90,72,90,129,108,640
Tornadus,Prankster,Defiant,,79,115,70,125,80,111,641
Thundurus,Prankster,Defiant,,79,115,70,125,80,111,642
Reshiram,Turboblaze,,,100,120,100,150,120,90,643
Zekrom,Teravolt,,,100,150,120,120,100,90,644
Landorus,Sand Force,Sheer Force,,89,125,90,115,80,101,645
Kyurem,Pressure,,,125,130,90,130,90,95,646
Keldeo,Justified,,,91,72,90,129,90,108,647
Meloetta,Serene Grace,,,100,77,77,128,128,90,648
Genesect,Download,,,71,120,95,120,95,99,649
Chespin,Overgrow,Bulletproof,,56,61,65,48,45,38,650
Quilladin,Overgrow,Bulletproof,,61,78,95,56,58,57,651
Chesnaught,Overgrow,Bulletproof,,88,107,122,74,75,64,652
Fennekin,Blaze,Magician,,40,45,40,62,60,60,653
Braixen,Blaze,Magician,,59,59,58,90,70,73,654
Delphox,Blaze,Magician,,75,69,72,114,100,104,655
Froakie,Torrent,Protean,,41,56,40,62,44,71,656
Frogadier,Torrent,Protean,,54,63,52,83,56,97,657
Greninja,Torrent,Protean,,72,95,67,103,71,122,658
Bunnelby,Pickup,Cheek Pouch,Huge Power,38,36,38,32,36,57,659
Diggersby,Pickup,Cheek Pouch,Huge Power,85,56,77,50,77,78,660
Fletchling,Big Pecks,Gale Wings,,45,50,43,40,38,62,661
Fletchinder,Flame Body,Gale Wings,,62,73,55,56,52,84,662
Talonflame,Flame Body,Gale Wings,,78,81,71,74,69,126,663
Scatterbug,Shield Dust,Compoundeyes,Friend Guard,38,35,40,27,25,35,664
Spewpa,Shed Skin,Friend Guard,,45,22,60,27,30,29,665
Vivillon,Shield Dust,Compoundeyes,Friend Guard,80,52,50,90,50,89,666
Litleo,Rivalry,Unnerve,Moxie,62,50,58,73,54,72,667
Pyroar,Rivalry,Unnerve,Moxie,86,68,72,109,66,106,668
Flabébé,Flower Veil,Symbiosis,,44,38,39,61,79,42,669
Floette,Flower Veil,Symbiosis,,54,45,47,75,98,52,670
Florges,Flower Veil,Symbiosis,,78,65,68,112,154,75,671
Skiddo,Sap Sipper,Grass Pelt,,66,65,48,62,57,52,672
Gogoat,Sap Sipper,Grass Pelt,,123,100,62,97,81,68,673
Pancham,Iron Fist,Mold Breaker,Scrappy,67,82,62,46,48,43,674
Pangoro,Iron Fist,Mold Breaker,Scrappy,95,124,78,69,71,58,675
Furfrou,Fur Coat,,,75,80,60,65,90,102,676
Espurr,Keen Eye,Infiltrator,Own Tempo,62,48,54,63,60,68,677
Meowstic,Keen Eye,Infiltrator,Prankster,74,48,76,83,81,104,678
Honedge,No Guard,,,45,80,100,35,37,28,679
Doublade,No Guard,,,59,110,150,45,49,35,680
Aegislash,Stance Change,,,60,50,140,50,140,60,681
Spritzee,Healer,Aroma Veil,,78,52,60,63,65,23,682
Aromatisse,Healer,Aroma Veil,,101,72,72,99,89,29,683
Swirlix,Sweet Veil,Unburden,,62,48,66,59,57,49,684
Slurpuff,Sweet Veil,Unburden,,82,80,86,85,75,72,685
Inkay,Contrary,Suction Cups,Infiltrator,53,54,53,37,46,45,686
Malamar,Contrary,Suction Cups,Infiltrator,86,92,88,68,75,73,687
Binacle,Tough Claws,Sniper,Pickpocket,42,52,67,39,56,50,688
Barbaracle,Tough Claws,Sniper,Pickpocket,72,105,115,54,86,68,689
Skrelp,Poison Point,Poison Touch,Adaptability,50,60,60,60,60,30,690
Dragalge,Poison Point,Poison Touch,Adaptability,65,75,90,97,123,44,691
Clauncher,Mega Launcher,,,50,53,62,58,63,44,692
Clawitzer,Mega Launcher,,,71,73,88,120,89,59,693
Helioptile,Dry Skin,Sand Veil,Solar Power,44,38,33,61,43,70,694
Heliolisk,Dry Skin,Sand Veil,Solar Power,62,55,52,109,94,109,695
Tyrunt,Strong Jaw,Sturdy,,58,89,77,45,45,48,696
Tyrantrum,Strong Jaw,Rock Head,,82,121,119,69,59,71,697
Amaura,Refrigerate,Snow Warning,,77,59,50,67,63,46,698
Aurorus,Refrigerate,Snow Warning,,123,77,72,99,92,58,699
Sylveon,Cute Charm,Pixilate,,95,65,65,110,130,60,700
Hawlucha,Limber,Unburden,Mold Breaker,78,92,75,74,63,118,701
Dedenne,Cheek Pouch,Pickup Plus,,67,58,57,81,67,101,702
Carbink,Clear Body,Sturdy,,50,50,150,50,150,50,703
Goomy,Sap Sipper,Hydration,Gooey,45,50,35,55,75,40,704
Sliggoo,Sap Sipper,Hydration,Gooey,68,75,53,83,113,60,705
Goodra,Sap Sipper,Hydration,Gooey,90,100,70,110,150,80,706
Klefki,Prankster,Magician,,57,80,91,80,87,75,707
Phantump,Natural Cure,Frisk Harvest,,43,70,48,50,60,38,708
Trevenant,Natural Cure,Frisk Harvest,,85,110,76,65,82,56,709
Pumpkaboo,Pickup,Frisk,Insomnia,49,66,70,44,55,51,710
Gourgeist,Pickup,Frisk,Insomnia,65,90,122,58,75,84,711
Bergmite,Own Tempo,Ice Body,Sturdy,55,69,85,32,35,28,712
Avalugg,Own Tempo,Ice Body,Sturdy,95,117,184,44,46,28,713
Noibat,Frisk,Infiltrator,Telepathy,40,30,35,45,40,55,714
Noivern,Frisk,Infiltrator,Telepathy,85,70,80,97,80,123,715
Xerneas,Fairy Aura,,,126,131,95,131,98,99,716
Yveltal,Dark Aura,,,126,131,95,131,98,99,717
Zygarde,Aura Break,,,108,100,121,81,95,95,718
Diancie,Clear Body,,,50,100,150,100,150,50,719
Hoopa,Magician,,,80,110,60,150,130,70,720
Volcanion,Water Absorb,,,80,110,120,130,90,70,721
Rowlet,Overgrow,Long Reach,,68,55,55,50,50,42,722
Dartrix,Overgrow,Long Reach,,78,75,75,70,70,52,723
Decidueye,Overgrow,Long Reach,,78,107,75,100,100,70,724
Litten,Blaze,Intimidate,,45,65,40,60,40,70,725
Torracat,Blaze,Intimidate,,65,85,50,80,50,90,726
Incineroar,Blaze,Intimidate,,95,115,90,80,90,60,727
Popplio,Torrent,Liquid Voice,,50,54,54,66,56,40,728
Brionne,Torrent,Liquid Voice,,60,69,69,91,81,50,729
Primarina,Torrent,Liquid Voice,,80,74,74,126,116,60,730
Pikipek,Keen Eye,Skill Link,Pickup,35,75,30,30,30,65,731
Trumbeak,Keen Eye,Skill Link,Pickup,55,85,50,40,50,75,732
Toucannon,Keen Eye,Skill Link,Sheer Force,80,120,75,75,75,60,733
Yungoos,Stakeout,Strong Jaw,Adaptability,48,70,30,30,30,45,734
Gumshoos,Stakeout,Strong Jaw,Adaptability,88,110,60,55,60,45,735
Grubbin,Swarm,,,47,62,45,55,45,46,736
Charjabug,Battery,,,57,82,95,55,75,36,737
Vikavolt,Levitate,,,77,70,90,145,75,43,738
Crabrawler,Hyper Cutter,Iron Fist,Anger Point,47,82,57,42,47,63,739
Crabominable,Hyper Cutter,Iron Fist,Anger Point,97,132,77,62,67,43,740
Oricorio,Dancer,,,75,70,70,98,70,93,741
Cutiefly,Honey Gather,Shield Dust,Sweet Veil,40,45,40,55,40,84,742
Ribombee,Honey Gather,Shield Dust,Sweet Veil,60,55,60,95,70,124,743
Rockruff,Keen Eye,Vital Spirit,Steadfast,45,65,40,30,40,60,744
Lycanroc,Keen Eye,Sand Rush,Steadfast,75,115,65,55,65,112,745
Wishiwashi,Schooling,,,45,20,20,25,25,40,746
Mareanie,Merciless,Limber,Regenerator,50,53,62,43,52,45,747
Toxapex,Merciless,Limber,Regenerator,50,63,152,53,142,35,748
Mudbray,Own Tempo,Stamina,Inner Focus,70,100,70,45,55,45,749
Mudsdale,Own Tempo,Stamina,Inner Focus,100,125,100,55,85,35,750
Dewpider,Water Bubble,Water Absorb,,38,40,52,40,72,27,751
Araquanid,Water Bubble,Water Absorb,,68,70,92,50,132,42,752
Fomantis,Leaf Guard,Contrary,,40,55,35,50,35,35,753
Lurantis,Leaf Guard,Contrary,,70,105,90,80,90,45,754
Morelull,Illuminate,Effect Spore,Rain Dish,40,35,55,65,75,15,755
Shiinotic,Illuminate,Effect Spore,Rain Dish,60,45,80,90,100,30,756
Salandit,Corrosion,Oblivious,,48,44,40,71,40,77,757
Salazzle,Corrosion,Oblivious,,68,64,60,111,60,117,758
Stufful,Fluffy,Klutz,Cute Charm,70,75,50,45,50,50,759
Bewear,Fluffy,Klutz,Unnerve,120,125,80,55,60,60,760
Bounsweet,Leaf Guard,Oblivious,Sweet Veil,42,30,38,30,38,32,761
Steenee,Leaf Guard,Oblivious,Sweet Veil,52,40,48,40,48,62,762
Tsareena,Leaf Guard,Queenly Majesty,Sweet Veil,72,120,98,50,98,72,763
Comfey,Flower Veil,Triage,Natural Cure,51,52,90,82,110,100,764
Oranguru,inner focus,Telepathy,Symbiosis,90,60,80,90,110,60,765
Passimian,Receiver,Defiant,,100,120,90,40,60,80,766
Wimpod,Wimp Out,,,25,35,40,20,30,80,767
Golisopod,Emergency Exit,,,75,125,140,60,90,40,768
Sandygast,Water,Compaction,Sand Veil,55,55,80,70,45,15,769
Palossand,Water,Compaction,Sand Veil,85,75,110,100,75,35,770
Pyukumuku,Innards Out,Unaware,,55,60,130,30,130,5,771
Type: Null,Battle Armor,,,95,95,95,95,95,59,772
Silvally,RKS System,,,95,95,95,95,95,95,773
Minior,Shields Down,,,60,60,100,60,100,60,774
Komala,Comatose,,,65,115,65,75,95,65,775
Turtonator,Shell Armor,,,60,78,135,91,85,36,776
Togedemaru,Iron Barbs,Lightning Rod,Sturdy,65,98,63,40,73,96,777
Mimikyu,Disguise,,,55,90,80,50,105,96,778
Bruxish,Dazzling,Strong Jaw,Wonder Skin,68,105,70,70,70,92,779
Drampa,Berserk,Sap Sipper,Cloud Nine,78,60,85,135,91,36,780
Dhelmise,Steelworker,,,70,131,100,86,90,40,781
Jangmo-o,Bulletproof,Soundproof,Overcoat,45,55,65,45,45,45,782
Hakamo-o,Bulletproof,Soundproof,Overcoat,55,75,90,65,70,65,783
Kommo-o,Bulletproof,Soundproof,Overcoat,75,110,125,100,105,85,784
Tapu Koko,Electric Surge,Telepathy,,70,115,85,95,75,130,785
Tapu Lele,Psychic,Surge Telepathy,,70,85,75,130,115,95,786
Tapu Bulu,Grassy Surge,Telepathy,,70,130,115,85,95,75,787
Tapu Fini,Misty Surge,Telepathy,,70,75,115,95,130,85,788
Cosmog,Unaware,,,43,29,31,29,31,37,789
Cosmoem,Sturdy,,,43,29,131,29,131,37,790
Solgaleo,Full Metal Body,,,137,137,107,113,89,97,791
Lunala,Shadow Shield,,,137,113,89,137,107,97,792
Nihilego,Beast Boost,,,109,53,47,127,131,103,793
Buzzwole,Beast Boost,,,107,139,139,53,53,79,794
Pheromosa,Beast Boost,,,71,137,37,137,37,151,795
Xurkitree,Beast Boost,,,83,89,71,173,71,83,796
Celesteela,Beast Boost,,,97,101,103,107,101,61,797
Kartana,Beast Boost,,,59,181,131,59,31,109,798
Guzzlord,Beast Boost,,,223,101,53,97,53,43,799
Necrozma,Prism Armor,,,97,107,101,127,89,79,800
Magearna,Soul-Heart,,,80,95,115,130,115,65,801
Marshadow,Technician,,,90,125,80,90,90,125,802
Poipole,Beast Boost,,,67,73,67,73,67,73,803
Naganadel,Beast Boost,,,73,73,73,127,73,121,804
Stakataka,Beast Boost,,,61,131,211,53,101,13,805
Blacephalon,Beast Boost,,,53,127,53,151,79,107,806
Zeraora,Volt Absorb,,,88,112,75,102,80,143,807
Meltan,Magnet Pull,,,46,65,65,55,35,34,808
Melmetal,Iron Fist,,,135,143,143,80,65,34,809
Grookey,Overgrow,Grassy Surge,,50,65,50,40,40,65,810
Thwackey,Overgrow,Grassy Surge,,70,85,70,55,60,80,811
Rillaboom,Overgrow,Grassy Surge,,100,125,90,60,70,85,812
Scorbunny,Blaze,Libero,,50,71,40,40,40,69,813
Raboot,Blaze,Libero,,65,86,60,55,60,94,814
Cinderace,Blaze,Libero,,80,116,75,65,75,119,815
Sobble,Torrent,Sniper,,50,40,40,70,40,70,816
Drizzile,Torrent,Sniper,,65,60,55,95,55,90,817
Inteleon,Torrent,Sniper,,70,85,65,125,65,120,818
Skwovet,Cheek Pouch,Gluttony,,70,55,55,35,35,25,819
Greedent,Cheek Pouch,Gluttony,,120,95,95,55,75,20,820
Rookidee,Keen Eye,Unnerve,Big Pecks,38,47,35,33,35,57,821
Corvisquire,Keen Eye,Unnerve,Big Pecks,68,67,55,43,55,77,822
Corviknight,Pressure,Unnerve,Mirror Armor,98,87,105,53,85,67,823
Blipbug,Swarm,Compoundeyes,Telepathy,25,20,20,25,45,45,824
Dottler,Swarm,Compoundeyes,Telepathy,50,35,80,50,90,30,825
Orbeetle,Swarm,Frisk,Telepathy,60,45,110,80,120,90,826
Nickit,Run Away,Unburden,Stakeout,40,28,28,47,52,50,827
Thievul,Run Away,Unburden,Stakeout,70,58,58,87,92,90,828
Gossifleur,Cotton Down,Regenerator,Effect Spore,40,40,60,40,60,10,829
Eldegoss,Cotton Down,Regenerator,Effect Spore,60,50,90,80,120,60,830
Wooloo,Fluffy,Run Away,Bulletproof,42,40,55,40,45,48,831
Dubwool,Fluffy,Steadfast,Bulletproof,72,80,100,60,90,88,832
Chewtle,Strong Jaw,Shell Armor,Swift Swim,50,64,50,38,38,44,833
Drednaw,Strong Jaw,Shell Armor,Swift Swim,90,115,90,48,68,74,834
Yamper,Ball Fetch,Rattled,,59,45,50,40,50,26,835
Boltund,Strong Jaw,Competitive,,69,90,60,90,60,121,836
Rolycoly,Steam Engine,Heatproof,Flash Fire,30,40,50,40,50,30,837
Carkol,Steam Engine,Flame Body,Flash Fire,80,60,90,60,70,50,838
Coalossal,Steam Engine,Flame Body,Flash Fire,110,80,120,80,90,30,839
Applin,Ripen,Gluttony,Bulletproof,40,40,80,40,40,20,840
Flapple,Ripen,Gluttony Hustle,,70,110,80,95,60,70,841
Appletun,Ripen,Gluttony,Thick Fat,110,85,80,100,80,30,842
Silicobra,Sand Spit,Shed Skin,Sand Veil,52,57,75,35,50,46,843
Sandaconda,Sand Spit,Shed Skin,Sand Veil,72,107,125,65,70,71,844
Cramorant,Gulp Missile,,,70,85,55,85,95,85,845
Arrokuda,Swift Swim,Propeller Tail,,41,63,40,40,30,66,846
Barraskewda,Swift Swim,Propeller Tail,,61,123,60,60,50,136,847
Toxel,Rattled,Static,Klutz,40,38,35,54,35,40,848
Toxtricity,Punk Rock,Plus,Technician,75,98,70,114,70,75,849
Sizzlipede,Flash Fire,White Smoke,Flame Body,50,65,45,50,50,45,850
Centiskorch,Flash Fire,White Smoke,Flame Body,100,115,65,90,90,65,851
Clobbopus,Limber,Technician,,50,68,60,50,50,32,852
Grapploct,Limber,Technician,,80,118,90,70,80,42,853
Sinistea,Weak Armor,Cursed Body,,40,45,45,74,54,50,854
Polteageist,Weak Armor,Cursed Body,,60,65,65,134,114,70,855
Hatenna,Healer,Anticipation,Magic Bounce,42,30,45,56,53,39,856
Hattrem,Healer,Anticipation,Magic Bounce,57,40,65,86,73,49,857
Hatterene,Healer,Anticipation,Magic Bounce,57,90,95,136,103,29,858
Impidimp,Prankster,Frisk,Pickpocket,45,45,30,55,40,50,859
Morgrem,Prankster,Frisk,Pickpocket,65,60,45,75,55,70,860
Grimmsnarl,Prankster,Frisk,Pickpocket,95,120,65,95,75,60,861
Obstagoon,Reckless,Guts,Defiant,93,90,101,60,81,95,862
Perrserker,Battle Armor,Tough Claws,Steely Spirit,70,110,100,50,60,50,863
Cursola,Weak Armor,Perish Body,,60,95,50,145,130,30,864
Sirfetch'd,Steadfast,Scrappy,,62,135,95,68,82,65,865
Mr. Rime,Tangled Feet,Screen Cleaner,Ice Body,80,85,75,110,100,70,866
Runerigus,Wandering Spirit,,,58,95,145,50,105,30,867
Milcery,Sweet Veil,Aroma Veil,,45,40,40,50,61,34,868
Alcremie,Sweet Veil,Aroma Veil,,65,60,75,110,121,64,869
Falinks,Battle Armor,Defiant,,65,100,100,70,60,75,870
Pincurchin,Lightning Rod,Electric Surge,,48,101,95,91,85,15,871
Snom,Shield Dust,Ice Scales,,30,25,35,45,30,20,872
Frosmoth,Shield Dust,Ice Scales,,70,65,60,125,90,65,873
Stonjourner,Power Spot,,,100,125,135,20,20,70,874
Eiscue,Ice Face,,,75,80,110,65,90,50,875
Indeedee,inner focus,Synchronize,Psychic Surge,60,65,55,105,95,95,876
Morpeko,Hunger Switch,,,58,95,58,70,58,97,877
Cufant,Sheer Force,Heavy Metal,,72,80,49,40,49,40,878
Copperajah,Sheer Force,Heavy Metal,,122,130,69,80,69,30,879
Dracozolt,Volt Absorb,Hustle,Sand Rush,90,100,90,80,70,75,880
Arctozolt,Volt Absorb,Static,Slush Rush,90,100,90,90,80,55,881
Dracovish,Water Absorb,Strong Jaw,Sand Rush,90,90,100,70,80,75,882
Arctovish,Water Absorb,Ice Body,Slush Rush,90,90,100,80,90,55,883
Duraludon,Light Metal,Heavy Metal,Stalwart,70,95,115,120,50,85,884
Dreepy,Clear Body,Infiltrator,Cursed Body,28,60,30,40,30,82,885
Drakloak,Clear Body,Infiltrator,Cursed Body,68,80,50,60,50,102,886
Dragapult,Clear Body,Infiltrator,Cursed Body,88,120,75,100,75,142,887
Zacian,Intrepid Sword,,,92,130,115,80,115,138,888
Zamazenta,Dauntless,Shield,,92,130,115,80,115,138,889
Eternatus,Pressure,,,140,85,95,145,95,130,890
Kubfu,Inner focus,,,60,90,60,53,50,72,891
Urshifu,Unseen Fist,,,100,130,100,63,60,97,892
Zarude,Leaf Guard,,,105,120,105,70,95,105,893
Regieleki,Transistor,,,80,100,50,100,50,200,894
Regidrago,Dragon's Maw,,,200,100,50,100,50,80,895
Glastrier,Chilling Neigh,,,100,145,130,65,110,30,896
Spectrier,Grim Neigh,,,100,65,60,145,80,130,897
Calyrex,Unnerve,,,100,80,80,80,80,80,898